bg_current_fraction,clip_current,clip_previous,directional_coherence,energy_support90_fraction,energy_top10_fraction,flow_valid_fraction,frame_current,frame_previous,frequency_diagnosis,global_dc_l1,global_dc_rmse,local_frequency_share,local_rmse_share,motion_band,motion_mean_px,motion_p90_px,raw_temporal_l1,raw_temporal_mse,raw_temporal_rmse,raw_weight,sigma_16_coarse_l1,sigma_16_coarse_mse,sigma_16_coarse_rmse,sigma_16_local_l1,sigma_16_local_mse,sigma_16_local_rmse,sigma_16_weight,sigma_32_coarse_l1,sigma_32_coarse_mse,sigma_32_coarse_rmse,sigma_32_local_l1,sigma_32_local_mse,sigma_32_local_rmse,sigma_32_weight,sigma_8_coarse_l1,sigma_8_coarse_mse,sigma_8_coarse_rmse,sigma_8_local_l1,sigma_8_local_mse,sigma_8_local_rmse,sigma_8_weight,spatial_scope_diagnosis,status,teacher_flow,unit_id,valid_coverage,video,window_boundary
0.7398262023925781,Traffic__000000-000007,Traffic__000000-000007,0.03790675103664398,0.21495995572680096,0.7858127355575562,0.9898719787597656,1,0,local_high_frequency_dominant,0.0007745050825178623,0.0008121003047563136,0.934587061445938,0.934587061445938,static,0.11787539720535278,0.25265470147132874,0.019952567294239998,0.0012764716520905495,0.03572774345086112,191418.21875,0.0017693834379315376,6.094051968830172e-06,0.002468613369653128,0.019581357017159462,0.001243994222022593,0.03527030226724167,190369.796875,0.001130708958953619,2.1483117507159477e-06,0.0014657120285772195,0.019704390317201614,0.0012567400699481368,0.03545052989657752,189579.59375,0.002863707020878792,1.7273438061238267e-05,0.004156132584655868,0.01931709796190262,0.0012330138124525547,0.03511429641118493,190999.34375,spatially_localized,ok,/home/cilab/ndquan/videoInpainting/code/BrushNet/examples/brushnet/dataset_test_stc/teacher_flows_512x512/test/Class_A/Traffic/000000_000001.npz,Traffic,0.7302025556564331,Traffic,0
0.7445907592773438,Traffic__000000-000007,Traffic__000000-000007,0.015302213840186596,0.1760720106992101,0.8227899670600891,0.990997314453125,2,1,local_high_frequency_dominant,0.00030624293140135705,0.00031077119638212025,0.9374254700083814,0.9374254700083814,static,0.11383292078971863,0.22956690192222595,0.018921419978141785,0.0013087098486721516,0.036176094989262615,191340.53125,0.0016316472319886088,5.724970833398402e-06,0.002392691127872213,0.018602704629302025,0.0012848475016653538,0.035844769516142155,190307.84375,0.001006870181299746,1.9868971321557183e-06,0.001409573386580393,0.018746357411146164,0.0012982250191271305,0.036030889790943696,189593.15625,0.002682025544345379,1.6260286429314874e-05,0.0040324045468324325,0.01833157241344452,0.0012671698350459337,0.03559732904370683,190995.625,spatially_localized,ok,/home/cilab/ndquan/videoInpainting/code/BrushNet/examples/brushnet/dataset_test_stc/teacher_flows_512x512/test/Class_A/Traffic/000001_000002.npz,Traffic,0.7299062013626099,Traffic,0
0.744537353515625,Traffic__000000-000007,Traffic__000000-000007,0.026406623423099518,0.18254251581893718,0.8128871917724609,0.9908218383789062,3,2,local_high_frequency_dominant,0.00039661501068621874,0.000482720963191241,0.9279289991773124,0.9279289991773124,static,0.10968004912137985,0.21444104611873627,0.017022820189595222,0.0010221711127087474,0.03197141086515807,193194.265625,0.0016768835484981537,5.955856977379881e-06,0.002440462451540667,0.01660054549574852,0.0009873079834505916,0.031421457373116725,192110.984375,0.001179893733933568,2.6778036499308655e-06,0.0016363995997099442,0.016749249771237373,0.0010003295028582215,0.031627986070223026,191596.734375,0.0025584895629435778,1.5509172953898087e-05,0.003938168731009133,0.01641508936882019,0.000980858225375414,0.03131865618725385,192855.390625,spatially_localized,ok,/home/cilab/ndquan/videoInpainting/code/BrushNet/examples/brushnet/dataset_test_stc/teacher_flows_512x512/test/Class_A/Traffic/000002_000003.npz,Traffic,0.7369776368141174,Traffic,0
0.7453231811523438,Traffic__000000-000007,Traffic__000000-000007,0.06822968274354935,0.1491654429253966,0.8502367734909058,0.9901351928710938,4,3,local_high_frequency_dominant,0.0011582281440496445,0.0012352317571640015,0.9333559317136709,0.9333559317136709,static,0.10796572268009186,0.22209258377552032,0.01685524545609951,0.0011547800386324525,0.033982054655839346,193294.0625,0.0018334214109927416,5.759973646490835e-06,0.002399994509679311,0.01649121567606926,0.001129775308072567,0.03361213037093256,192023.59375,0.0013509377604350448,2.7442313239589566e-06,0.0016565721608064517,0.016618851572275162,0.0011386885307729244,0.03374445926034264,191786.625,0.0026399893686175346,1.4016118257131893e-05,0.0037438106598934586,0.016273371875286102,0.0011136159300804138,0.033370884466558774,192892.46875,spatially_localized,ok,/home/cilab/ndquan/videoInpainting/code/BrushNet/examples/brushnet/dataset_test_stc/teacher_flows_512x512/test/Class_A/Traffic/000003_000004.npz,Traffic,0.7373583316802979,Traffic,0
0.7463798522949219,Traffic__000000-000007,Traffic__000000-000007,0.11325307190418243,0.18667589441118898,0.810821533203125,0.9905242919921875,5,4,local_high_frequency_dominant,0.001649436540901661,0.001942601753398776,0.9035338401266265,0.9035338401266265,static,0.10121467709541321,0.266445517539978,0.015938155353069305,0.0008869083249010146,0.029781006109616488,193552.453125,0.002387999091297388,9.609419976186473e-06,0.003099906446360353,0.015377702191472054,0.0008430164307355881,0.029034745232834197,192357.765625,0.0019554903265088797,5.952332685410511e-06,0.0024397402905658853,0.015521150082349777,0.0008534449734725058,0.02921378054056862,192112.375,0.0030885455198585987,1.8818211174220778e-05,0.004337996216482995,0.015177075751125813,0.0008317410829477012,0.028839921687613877,193200.03125,spatially_localized,ok,/home/cilab/ndquan/videoInpainting/code/BrushNet/examples/brushnet/dataset_test_stc/teacher_flows_512x512/test/Class_A/Traffic/000004_000005.npz,Traffic,0.7383440136909485,Traffic,0
0.7439117431640625,Traffic__000000-000007,Traffic__000000-000007,0.07550723850727081,0.18153285462814311,0.8145709037780762,0.9907035827636719,6,5,local_high_frequency_dominant,0.001189907779917121,0.0013611719477921724,0.9239492691963915,0.9239492691963915,static,0.10953722149133682,0.26270627975463867,0.016768362373113632,0.000999932992272079,0.031621717098729456,193582.65625,0.0018541787285357714,6.4867631408560555e-06,0.0025469124721623345,0.01633855514228344,0.0009574530995450914,0.03094273904400015,192403.6875,0.0014973520301282406,3.5959380966232857e-06,0.0018962958884686971,0.016515742987394333,0.0009712239261716604,0.03116446576105004,192472.390625,0.0027009102050215006,1.6003930795704946e-05,0.004000491319288787,0.01616515778005123,0.0009560249745845795,0.030919653532738355,193243.046875,spatially_localized,ok,/home/cilab/ndquan/videoInpainting/code/BrushNet/examples/brushnet/dataset_test_stc/teacher_flows_512x512/test/Class_A/Traffic/000005_000006.npz,Traffic,0.7384592294692993,Traffic,0
0.74432373046875,Traffic__000000-000007,Traffic__000000-000007,0.026717551052570343,0.18857438819111744,0.804104745388031,0.9909782409667969,7,6,local_high_frequency_dominant,0.0004214550426695496,0.0004839370958507061,0.9356806102558575,0.9356806102558575,static,0.12913227081298828,0.2903570532798767,0.01684648171067238,0.0009805858135223389,0.03131430685042125,192934.921875,0.0014544145669788122,4.481032647163374e-06,0.0021168449747592227,0.016504839062690735,0.0009483082685619593,0.030794614278505897,191813.796875,0.0009187062387354672,1.6480744307045825e-06,0.00128377351223048,0.016647757962346077,0.0009595398441888392,0.030976440147131808,191665.546875,0.002408982953056693,1.332895590167027e-05,0.0036508842629793497,0.01631665974855423,0.00094371079467237,0.030719876215121213,192485.921875,spatially_localized,ok,/home/cilab/ndquan/videoInpainting/code/BrushNet/examples/brushnet/dataset_test_stc/teacher_flows_512x512/test/Class_A/Traffic/000006_000007.npz,Traffic,0.7359883189201355,Traffic,0
0.7444343566894531,Traffic__000006-000013,Traffic__000000-000007,0.056027837097644806,0.16781970976554791,0.8287172317504883,0.9909515380859375,8,7,local_high_frequency_dominant,0.0009403526200912893,0.0010716109536588192,0.9311877631890215,0.9311877631890215,static,0.1508670300245285,0.31825610995292664,0.01783108338713646,0.001193293952383101,0.034544087082785974,192412.25,0.001774517702870071,6.337393642752431e-06,0.002517418050851394,0.01743483357131481,0.0011605232721194625,0.0340664537649498,191374.671875,0.0013073690934106708,2.8668030154221924e-06,0.0016931636115338033,0.017617207020521164,0.0011772988364100456,0.03431178859240721,191138.3125,0.002783519681543112,1.7753303836798295e-05,0.0042134669616360225,0.01716620847582817,0.0011434489861130714,0.03381492253596142,192063.78125,spatially_localized,ok,/home/cilab/ndquan/videoInpainting/code/BrushNet/examples/brushnet/dataset_test_stc/teacher_flows_512x512/test/Class_A/Traffic/000007_000008.npz,Traffic,0.7339944839477539,Traffic,1
0.7500991821289062,Traffic__000006-000013,Traffic__000006-000013,0.05987909436225891,0.17353629733985249,0.8241622447967529,0.989227294921875,9,8,local_high_frequency_dominant,0.0009345888975076377,0.0011257643345743418,0.9301637830927248,0.9301637830927248,static,0.11706759035587311,0.23947934806346893,0.01752919703722,0.0011268615489825606,0.03356875852608435,193009.84375,0.001830534660257399,6.222983301995555e-06,0.002494590808528636,0.017180532217025757,0.0011039669625461102,0.033225998292694084,191905.53125,0.0013255459489300847,2.7244586817687377e-06,0.0016505934332138662,0.017337894067168236,0.0011156589025631547,0.03340148054447818,191863.328125,0.0027567523065954447,1.614782195247244e-05,0.004018435261699813,0.016924897208809853,0.0010852398118004203,0.03294297818656383,192600.96875,spatially_localized,ok,/home/cilab/ndquan/videoInpainting/code/BrushNet/examples/brushnet/dataset_test_stc/teacher_flows_512x512/test/Class_A/Traffic/000008_000009.npz,Traffic,0.7362741231918335,Traffic,0
0.7478523254394531,Traffic__000006-000013,Traffic__000006-000013,0.03631095588207245,0.1802234826824104,0.8150191307067871,0.990020751953125,10,9,local_high_frequency_dominant,0.0006295141647569835,0.0006609169067814946,0.9258828797981123,0.9258828797981123,static,0.15229162573814392,0.21997272968292236,0.016978709027171135,0.0010171316098421812,0.03189250084020037,193946.9375,0.0015750559978187084,6.091707746236352e-06,0.002468138518445906,0.01644461415708065,0.0009506356436759233,0.030832379792612885,192564.78125,0.0010992410825565457,2.862637302314397e-06,0.0016919330076319208,0.016633780673146248,0.0009686966077424586,0.031123891269287947,192614.0,0.0025245926808565855,1.6134428733494133e-05,0.004016768444097087,0.01631304621696472,0.0009516048012301326,0.030848092343451847,193425.609375,spatially_localized,ok,/home/cilab/ndquan/videoInpainting/code/BrushNet/examples/brushnet/dataset_test_stc/teacher_flows_512x512/test/Class_A/Traffic/000009_000010.npz,Traffic,0.7398488521575928,Traffic,0
0.7474937438964844,Traffic__000006-000013,Traffic__000006-000013,0.01684527099132538,0.14277668116945527,0.8538661599159241,0.9879875183105469,11,10,local_high_frequency_dominant,0.00018980796448886395,0.0002963552251458168,0.9423895331144596,0.9423895331144596,static,0.10389313846826553,0.2429884672164917,0.01639954373240471,0.0011108069447800517,0.03332877052607929,193438.625,0.0012945219641551375,3.995573933934793e-06,0.0019988931772195314,0.01595260202884674,0.0010691466741263866,0.032697808399438436,191777.890625,0.0007599524687975645,1.1775160828619846e-06,0.0010851341312768596,0.016101235523819923,0.0010803036857396364,0.03286797355693893,191764.90625,0.002200044458732009,1.250672539754305e-05,0.003536484892876407,0.015886517241597176,0.0010710260830819607,0.032726534846848065,192929.265625,spatially_localized,ok,/home/cilab/ndquan/videoInpainting/code/BrushNet/examples/brushnet/dataset_test_stc/teacher_flows_512x512/test/Class_A/Traffic/000010_000011.npz,Traffic,0.7379097938537598,Traffic,0
0.7486457824707031,Traffic__000006-000013,Traffic__000006-000013,0.0643080323934555,0.17981347107565698,0.816441535949707,0.989166259765625,12,11,local_high_frequency_dominant,0.001052900799550116,0.001192476600408554,0.9246127488924004,0.9246127488924004,static,0.1040140762925148,0.24780291318893433,0.01729380153119564,0.0010757475392892957,0.032798590507662,194036.953125,0.0019223293056711555,6.8715739871549886e-06,0.0026213687239980163,0.016798336058855057,0.001033665845170617,0.03215067410134066,192369.1875,0.0014402343658730388,3.389168796275044e-06,0.001840969526166863,0.01693318597972393,0.0010417916346341372,0.032276797155760935,192043.953125,0.002807872835546732,1.775322925823275e-05,0.004213458111602956,0.016685856506228447,0.001033507171086967,0.032148206343231144,193666.078125,spatially_localized,ok,/home/cilab/ndquan/videoInpainting/code/BrushNet/examples/brushnet/dataset_test_stc/teacher_flows_512x512/test/Class_A/Traffic/000011_000012.npz,Traffic,0.7401922345161438,Traffic,0
0.7553253173828125,Traffic__000006-000013,Traffic__000006-000013,0.08546003699302673,0.19865941674854548,0.7957174181938171,0.9899559020996094,13,12,local_high_frequency_dominant,0.0013294359669089317,0.0016084216767922044,0.91275663140435,0.91275663140435,static,0.16739146411418915,0.3295339047908783,0.01753191091120243,0.0010279311100021005,0.03206136475576329,194210.1875,0.002117919735610485,8.89551574800862e-06,0.0029825351210016992,0.016937946900725365,0.0009736800566315651,0.03120384682425494,192444.78125,0.0016575524350628257,4.7609519242541865e-06,0.0021819605689045313,0.017058273777365685,0.0009825521847233176,0.03134568845508609,192005.46875,0.0030455219093710184,2.1985635612509213e-05,0.004688884260941958,0.01678081788122654,0.0009700795635581017,0.03114610029454894,193760.78125,spatially_localized,ok,/home/cilab/ndquan/videoInpainting/code/BrushNet/examples/brushnet/dataset_test_stc/teacher_flows_512x512/test/Class_A/Traffic/000012_000013.npz,Traffic,0.7408530712127686,Traffic,0
0.7504959106445312,Traffic__000012-000019,Traffic__000006-000013,0.03480815887451172,0.1918365669187767,0.8044958710670471,0.9914932250976562,14,13,local_high_frequency_dominant,0.0005739862681366503,0.0006672893650829792,0.9273761677736123,0.9273761677736123,static,0.18591664731502533,0.3130033612251282,0.017873279750347137,0.0010917414911091328,0.033041511634747174,194478.484375,0.0017798520857468247,6.42359600533382e-06,0.0025344814075731192,0.01738537847995758,0.0010474462760612369,0.03236427468770522,192776.78125,0.0010910233249887824,2.036306113950559e-06,0.0014269919810393325,0.017512375488877296,0.001062198425643146,0.0325913857582513,192169.734375,0.0026976983062922955,1.6381756722694263e-05,0.0040474382914004094,0.017214305698871613,0.001041453331708908,0.03227155607820776,193982.234375,spatially_localized,ok,/home/cilab/ndquan/videoInpainting/code/BrushNet/examples/brushnet/dataset_test_stc/teacher_flows_512x512/test/Class_A/Traffic/000013_000014.npz,Traffic,0.7418765425682068,Traffic,1
0.7524681091308594,Traffic__000012-000019,Traffic__000012-000019,0.04554654657840729,0.16094225158611322,0.8348532915115356,0.99078369140625,15,14,local_high_frequency_dominant,0.0007159256492741406,0.0008718905737623572,0.9321394776253461,0.9321394776253461,static,0.10442180931568146,0.26329436898231506,0.017815614119172096,0.0012291723396629095,0.035059554185170545,194203.734375,0.0017074801726266742,6.180986929393839e-06,0.0024861590716190787,0.017298763617873192,0.0011662327451631427,0.03415015000205918,192609.78125,0.0012164629297330976,2.600410198283498e-06,0.0016125787417312365,0.01750008389353752,0.0011952260974794626,0.03457204213637752,192369.78125,0.002630542265251279,1.6413248886237852e-05,0.004051326805657358,0.017184823751449585,0.0011698500020429492,0.03420307006750928,193704.171875,spatially_localized,ok,/home/cilab/ndquan/videoInpainting/code/BrushNet/examples/brushnet/dataset_test_stc/teacher_flows_512x512/test/Class_A/Traffic/000014_000015.npz,Traffic,0.7408284544944763,Traffic,0
0.755645751953125,Traffic__000012-000019,Traffic__000012-000019,0.08559828996658325,0.1857724863943147,0.8080334663391113,0.9916114807128906,16,15,local_high_frequency_dominant,0.0014133284566923976,0.0015515487175434828,0.9156137679861586,0.9156137679861586,static,0.120243139564991,0.23924578726291656,0.01687968336045742,0.000994598027318716,0.0315372482521655,195786.78125,0.0021804659627377987,8.1215057434747e-06,0.002849825563692399,0.01638537272810936,0.0009561323095113039,0.0309213891911619,194243.40625,0.0017731167608872056,4.728629392047878e-06,0.0021745411911591552,0.016552384942770004,0.000971323752310127,0.031166067321850652,194270.96875,0.0029035424813628197,1.676651299931109e-05,0.004094693272921806,0.016192592680454254,0.0009468759526498616,0.030771349542226153,195297.5,spatially_localized,ok,/home/cilab/ndquan/videoInpainting/code/BrushNet/examples/brushnet/dataset_test_stc/teacher_flows_512x512/test/Class_A/Traffic/000015_000016.npz,Traffic,0.746867299079895,Traffic,0
0.7547416687011719,Traffic__000012-000019,Traffic__000012-000019,0.09351836889982224,0.1671125042116333,0.8278859853744507,0.9894828796386719,17,16,local_high_frequency_dominant,0.0014445740962401032,0.0017110464395955205,0.9083890689702967,0.9083890689702967,static,0.12351208180189133,0.25851762294769287,0.01704082079231739,0.0010669725015759468,0.032664545023250315,195779.09375,0.0024475371465086937,1.0157342330785468e-05,0.0031870585703412274,0.016355937346816063,0.0009986867662519217,0.031602005731470935,194350.46875,0.0020025314297527075,6.388191650330555e-06,0.002527487220606774,0.016553908586502075,0.0010166186839342117,0.03188445834468906,194540.859375,0.003187859896570444,2.0165982277831063e-05,0.004490654994299947,0.016202617436647415,0.0009996553417295218,0.0316173266063012,195236.703125,spatially_localized,ok,/home/cilab/ndquan/videoInpainting/code/BrushNet/examples/brushnet/dataset_test_stc/teacher_flows_512x512/test/Class_A/Traffic/000016_000017.npz,Traffic,0.7468379735946655,Traffic,0
0.7618598937988281,Traffic__000012-000019,Traffic__000012-000019,0.07007692009210587,0.16810311874047532,0.8243692517280579,0.9920120239257812,18,17,local_high_frequency_dominant,0.001166784088127315,0.001248857588507235,0.9238047445830955,0.9238047445830955,static,0.11335839331150055,0.26452818512916565,0.016627013683319092,0.0010130081791430712,0.03182778941653144,196173.015625,0.0019990524742752314,6.5503199948580004e-06,0.0025593592938190604,0.016078775748610497,0.0009628686239011586,0.031030124458357535,194594.671875,0.0015628756955265999,3.420101620577043e-06,0.0018493516757439735,0.016327908262610435,0.0009856999386101961,0.03139585862196153,195083.5,0.0027720730286091566,1.533708200440742e-05,0.003916258674348187,0.015924591571092606,0.0009571429109200835,0.030937726337274422,195569.359375,spatially_localized,ok,/home/cilab/ndquan/videoInpainting/code/BrushNet/examples/brushnet/dataset_test_stc/teacher_flows_512x512/test/Class_A/Traffic/000017_000018.npz,Traffic,0.7483406662940979,Traffic,0
0.7551498413085938,Traffic__000012-000019,Traffic__000012-000019,0.05308164283633232,0.17583708934040107,0.8167909383773804,0.9910964965820312,19,18,local_high_frequency_dominant,0.0008214618428610265,0.0009342240518890321,0.9212930568033219,0.9212930568033219,static,0.10995171964168549,0.25452911853790283,0.016382841393351555,0.0009649900603108108,0.031064289148648016,196433.234375,0.0017650035442784429,6.798982667532982e-06,0.0026074858901886664,0.015965940430760384,0.0009315655915997922,0.030521559455568326,195052.75,0.001237009884789586,2.752453156062984e-06,0.001659051884680821,0.01613396592438221,0.0009438471752218902,0.030722095879381184,195250.390625,0.0026305399369448423,1.6753583622630686e-05,0.004093114171707245,0.015736408531665802,0.000918053206987679,0.03029939284849911,195856.25,spatially_localized,ok,/home/cilab/ndquan/videoInpainting/code/BrushNet/examples/brushnet/dataset_test_stc/teacher_flows_512x512/test/Class_A/Traffic/000018_000019.npz,Traffic,0.7493333220481873,Traffic,0
0.756591796875,Traffic__000018-000025,Traffic__000012-000019,0.12827540934085846,0.18334106515632725,0.8088376522064209,0.9905509948730469,20,19,local_high_frequency_dominant,0.0021052577067166567,0.0022358570713549852,0.9025332524778688,0.9025332524778688,static,0.10898248851299286,0.21322910487651825,0.016184113919734955,0.000917161931283772,0.03028468146247822,196034.328125,0.0024250175338238478,1.0111324627359863e-05,0.0031798309117561365,0.015632927417755127,0.0008670048555359244,0.02944494617987821,194703.28125,0.002146877348423004,6.521372597489972e-06,0.002553697828148423,0.015807535499334335,0.0008763034711591899,0.029602423400106787,194863.703125,0.003105992916971445,2.1558556909440085e-05,0.004643119308120359,0.015446745790541172,0.0008686812361702323,0.02947339878891188,195547.078125,spatially_localized,ok,/home/cilab/ndquan/videoInpainting/code/BrushNet/examples/brushnet/dataset_test_stc/teacher_flows_512x512/test/Class_A/Traffic/000019_000020.npz,Traffic,0.7478116154670715,Traffic,1
0.7602005004882812,Traffic__000018-000025,Traffic__000018-000025,0.06563473492860794,0.17572367885351356,0.8183915019035339,0.9911041259765625,21,20,local_high_frequency_dominant,0.0009843511506915092,0.0011318514589220285,0.9276729735246635,0.9276729735246635,static,0.11298419535160065,0.26869359612464905,0.016028068959712982,0.0009290186571888626,0.030479807367974992,196402.796875,0.0016451108967885375,5.467150458571268e-06,0.002338193845379649,0.01567547768354416,0.0008993932278826833,0.02998988542630137,195066.515625,0.0012682108208537102,2.8610857043531723e-06,0.0016914744172919591,0.015766017138957977,0.0008991778013296425,0.029986293557718043,195330.90625,0.0024155352730304003,1.3157590728951618e-05,0.0036273393457121736,0.015494556166231632,0.0008945893496274948,0.029909686551809513,195895.46875,spatially_localized,ok,/home/cilab/ndquan/videoInpainting/code/BrushNet/examples/brushnet/dataset_test_stc/teacher_flows_512x512/test/Class_A/Traffic/000020_000021.npz,Traffic,0.7492172122001648,Traffic,0
0.7615242004394531,Traffic__000018-000025,Traffic__000018-000025,0.08282236009836197,0.1582435623296209,0.8394383788108826,0.9913978576660156,22,21,local_high_frequency_dominant,0.001192462514154613,0.001423135050572455,0.918951208292752,0.918951208292752,static,0.11352171003818512,0.21493175625801086,0.015970543026924133,0.0010029851691797376,0.03166994109845703,197212.359375,0.002004375448450446,7.5425491559144575e-06,0.002746370178237897,0.015578687191009521,0.000969638756942004,0.031139023056961885,195700.984375,0.0015926003688946366,4.281571818864904e-06,0.00206919593534902,0.015738470479846,0.0009807988535612822,0.03131770830634455,196141.875,0.002695811679586768,1.4961129636503756e-05,0.0038679619486887092,0.015411026775836945,0.0009704273543320596,0.031151683009623406,196660.125,spatially_localized,ok,/home/cilab/ndquan/videoInpainting/code/BrushNet/examples/brushnet/dataset_test_stc/teacher_flows_512x512/test/Class_A/Traffic/000021_000022.npz,Traffic,0.7523054480552673,Traffic,0
0.7639503479003906,Traffic__000018-000025,Traffic__000018-000025,0.03548619523644447,0.16306709652642323,0.8327618837356567,0.992340087890625,23,22,local_high_frequency_dominant,0.0005579925491474569,0.0005862718680873513,0.9241918822851135,0.9241918822851135,static,0.10604006052017212,0.24504916369915009,0.015348745509982109,0.0008952749194577336,0.029921145022504297,197766.140625,0.0016811820678412914,5.855423751199851e-06,0.0024197982872958337,0.015025278553366661,0.0008702643681317568,0.02950024352665172,196357.5,0.0012455455726012588,3.043222704945947e-06,0.0017444835066419938,0.015144151635468006,0.0008783126249909401,0.02963633960176155,196643.5625,0.0024035139940679073,1.276763214264065e-05,0.003573182355077984,0.014862299896776676,0.0008649869123473763,0.029410659842094268,197227.125,spatially_localized,ok,/home/cilab/ndquan/videoInpainting/code/BrushNet/examples/brushnet/dataset_test_stc/teacher_flows_512x512/test/Class_A/Traffic/000022_000023.npz,Traffic,0.7544179558753967,Traffic,0
0.7635154724121094,Traffic__000018-000025,Traffic__000018-000025,0.030599011108279228,0.17711616161616162,0.8201268315315247,0.99267578125,24,23,local_high_frequency_dominant,0.00046994935837574303,0.0005494481883943081,0.9333255828136552,0.9333255828136552,static,0.11432113498449326,0.2441350519657135,0.016704943031072617,0.001007809187285602,0.03174601057275705,197915.171875,0.001574473804794252,4.99697534905863e-06,0.0022353915426740413,0.01634293980896473,0.0009791632182896137,0.03129158382520152,196414.59375,0.001082023372873664,2.2132207959657535e-06,0.001487689751247132,0.016515953466296196,0.0009931446984410286,0.031514198362659146,196855.96875,0.002494292100891471,1.3755401596426964e-05,0.003708827523143529,0.016138877719640732,0.000970687426161021,0.03115585701214173,197432.6875,spatially_localized,ok,/home/cilab/ndquan/videoInpainting/code/BrushNet/examples/brushnet/dataset_test_stc/teacher_flows_512x512/test/Class_A/Traffic/000023_000024.npz,Traffic,0.7549864649772644,Traffic,0
0.7630233764648438,Traffic__000018-000025,Traffic__000018-000025,0.07341868430376053,0.16349350103973245,0.8348360657691956,0.9890213012695312,25,24,local_high_frequency_dominant,0.001118109212256968,0.0011807028204202652,0.9222100030706893,0.9222100030706893,static,0.09481015801429749,0.26427724957466125,0.014895950444042683,0.0008506841259077191,0.02916648977692926,197599.90625,0.001775308744981885,5.856316420249641e-06,0.002419982731394925,0.014546569436788559,0.0008230698294937611,0.02868919360131548,196341.03125,0.0013436489971354604,2.7912642508454155e-06,0.001670707709578613,0.014745085500180721,0.0008412583265453577,0.029004453563984924,196705.140625,0.0025382954627275467,1.4330575140775181e-05,0.003785574611703642,0.014383073896169662,0.0008165574981831014,0.028575470218057678,197155.15625,spatially_localized,ok,/home/cilab/ndquan/videoInpainting/code/BrushNet/examples/brushnet/dataset_test_stc/teacher_flows_512x512/test/Class_A/Traffic/000024_000025.npz,Traffic,0.7537838220596313,Traffic,0
0.7612533569335938,Traffic__000024-000031,Traffic__000018-000025,0.027318350970745087,0.16338343476309805,0.8330614566802979,0.9934616088867188,26,25,local_high_frequency_dominant,0.0003629495622590184,0.0004441268683876842,0.9254999918067855,0.9254999918067855,static,0.09832771867513657,0.23007754981517792,0.015125141479074955,0.0008721988997422159,0.02953301372603575,198189.515625,0.0015275287441909313,5.52733536096639e-06,0.0023510285751063066,0.014831768348813057,0.0008530137129127979,0.029206398492672765,196888.390625,0.000926366716157645,1.7341764078082633e-06,0.0013168813188014566,0.015004000626504421,0.0008641823660582304,0.029396978859369722,197600.734375,0.002339871833100915,1.4270808605942875e-05,0.0037776723793816313,0.014644881710410118,0.0008392632589675486,0.02897004071394358,197835.90625,spatially_localized,ok,/home/cilab/ndquan/videoInpainting/code/BrushNet/examples/brushnet/dataset_test_stc/teacher_flows_512x512/test/Class_A/Traffic/000025_000026.npz,Traffic,0.7560330033302307,Traffic,1
0.7624168395996094,Traffic__000024-000031,Traffic__000024-000031,0.02157207392156124,0.17155470502169368,0.8247330784797668,0.9928665161132812,27,26,local_high_frequency_dominant,0.00032738372101448476,0.00035753377596847713,0.9384201859060072,0.9384201859060072,static,0.10104034841060638,0.21983961760997772,0.015417450107634068,0.0008882891852408648,0.02980418066716253,197304.296875,0.0012837500544264913,3.7693944250349887e-06,0.0019414928341446405,0.015193963423371315,0.0008753656875342131,0.029586579517311782,196123.828125,0.0007556031923741102,1.1997760793747148e-06,0.0010953429049273633,0.01533664483577013,0.0008845058036968112,0.029740642287899754,196700.953125,0.002148898085579276,1.1062896192015614e-05,0.0033260932326102366,0.014987441711127758,0.000861216161865741,0.029346484659422856,197025.90625,spatially_localized,ok,/home/cilab/ndquan/videoInpainting/code/BrushNet/examples/brushnet/dataset_test_stc/teacher_flows_512x512/test/Class_A/Traffic/000026_000027.npz,Traffic,0.7526561617851257,Traffic,0
0.7648200988769531,Traffic__000024-000031,Traffic__000024-000031,0.09983927756547928,0.17088268314638563,0.8275467157363892,0.9925079345703125,28,27,local_high_frequency_dominant,0.001661847811192274,0.001716189319267869,0.9116224339079185,0.9116224339079185,static,0.10933540016412735,0.2533743679523468,0.015968842431902885,0.0009495063568465412,0.030814061024904544,197621.609375,0.0022241538390517235,8.684745807840955e-06,0.002946989278541908,0.015513001009821892,0.0009240661165677011,0.030398455825382004,196505.65625,0.0018525555497035384,5.043448254582472e-06,0.0022457622880844874,0.01576635241508484,0.0009424833697266877,0.030699892014902717,196954.609375,0.0030132727697491646,1.8222341168439016e-05,0.004268763423807768,0.01526370644569397,0.0009126807563006878,0.030210606685412457,197350.171875,spatially_localized,ok,/home/cilab/ndquan/videoInpainting/code/BrushNet/examples/brushnet/dataset_test_stc/teacher_flows_512x512/test/Class_A/Traffic/000027_000028.npz,Traffic,0.7538666129112244,Traffic,0
0.7604751586914062,Traffic__000024-000031,Traffic__000024-000031,0.07670322805643082,0.16822699631900598,0.8321347832679749,0.9933509826660156,29,28,local_high_frequency_dominant,0.0010934961028397083,0.001356748165562749,0.9111924655679539,0.9111924655679539,static,0.11815270036458969,0.288779079914093,0.016473431140184402,0.0010182225378230214,0.031909599461964755,197371.34375,0.002188762417063117,9.394310836796649e-06,0.003065014002708087,0.016019629314541817,0.0009889755165204406,0.03144798111994537,196250.3125,0.001626315526664257,4.114752300665714e-06,0.0020284852231815032,0.01624213717877865,0.0010055680759251118,0.03171069340025714,196451.875,0.003011843888089061,2.1632202333421446e-05,0.004651043144652762,0.01578894630074501,0.0009702463867142797,0.031148778253958526,197078.515625,spatially_localized,ok,/home/cilab/ndquan/videoInpainting/code/BrushNet/examples/brushnet/dataset_test_stc/teacher_flows_512x512/test/Class_A/Traffic/000028_000029.npz,Traffic,0.7529119253158569,Traffic,0
0.7640228271484375,Traffic__000024-000031,Traffic__000024-000031,0.036059003323316574,0.18169217177615077,0.8160268068313599,0.9881439208984375,30,29,local_high_frequency_dominant,0.0005076316301710904,0.0005671408143825829,0.9218577063928144,0.9218577063928144,static,0.10387789458036423,0.2194673717021942,0.014624795876443386,0.0007627129089087248,0.027617257447268815,196828.0,0.0016005143988877535,5.318146577337757e-06,0.0023061107036171868,0.014282573945820332,0.0007401432376354933,0.027205573650182297,195741.25,0.0010484028607606888,2.0633476651710225e-06,0.0014364357504500584,0.01448453776538372,0.0007552219904027879,0.027481302560155112,195909.578125,0.0023920824751257896,1.3154617590771522e-05,0.0036269294990076,0.014084065333008766,0.0007321278681047261,0.027057861484321447,196450.34375,spatially_localized,ok,/home/cilab/ndquan/videoInpainting/code/BrushNet/examples/brushnet/dataset_test_stc/teacher_flows_512x512/test/Class_A/Traffic/000029_000030.npz,Traffic,0.7508392333984375,Traffic,0
0.7634468078613281,Traffic__000024-000031,Traffic__000024-000031,0.01578589156270027,0.19038277316919064,0.8059677481651306,0.9848289489746094,31,30,local_high_frequency_dominant,0.00018246988474857062,0.00025978032499551773,0.9279557767666499,0.9279557767666499,static,0.12101293355226517,0.297401487827301,0.015318898484110832,0.0008107746252790093,0.028474104468429018,196189.171875,0.0014513182686641812,4.763016477227211e-06,0.0021824336134753817,0.015002197585999966,0.0007902023498900235,0.02811053805763994,195096.3125,0.0009407593752257526,1.7263068912143353e-06,0.0013138899844409864,0.015200238674879074,0.0008049932075664401,0.02837240221705663,195539.328125,0.0022407223004847765,1.2015384527330752e-05,0.0034663214691269986,0.014792915433645248,0.00077775027602911,0.027888174483624954,195749.1875,spatially_localized,ok,/home/cilab/ndquan/videoInpainting/code/BrushNet/examples/brushnet/dataset_test_stc/teacher_flows_512x512/test/Class_A/Traffic/000030_000031.npz,Traffic,0.7484022974967957,Traffic,0
0.7570686340332031,Traffic__000030-000037,Traffic__000024-000031,0.06929879635572433,0.20523745299983653,0.7928757071495056,0.9877128601074219,32,31,local_high_frequency_dominant,0.0011345138773322105,0.0012133433483541012,0.9169233515745749,0.9169233515745749,static,0.1043456643819809,0.2372717410326004,0.016297461465001106,0.0008689775131642818,0.029478424536672272,195593.875,0.0020493536721915007,6.963292889849981e-06,0.0026388052011942793,0.015906376764178276,0.0008482479024678469,0.029124695748931815,194541.875,0.0014944166177883744,3.2838056540640537e-06,0.0018121273835092426,0.016112400218844414,0.0008612173260189593,0.02934650449404425,194953.765625,0.002918460639193654,1.6169942682608962e-05,0.004021186725658106,0.015623255632817745,0.0008313728030771017,0.028833536083475813,195194.828125,spatially_localized,ok,/home/cilab/ndquan/videoInpainting/code/BrushNet/examples/brushnet/dataset_test_stc/teacher_flows_512x512/test/Class_A/Traffic/000031_000032.npz,Traffic,0.746131420135498,Traffic,1
0.7548675537109375,Traffic__000030-000037,Traffic__000030-000037,0.0568649098277092,0.1732207961357215,0.8270173668861389,0.9854927062988281,33,32,local_high_frequency_dominant,0.0009212987497448921,0.0010067224502563477,0.9256609787820332,0.9256609787820332,static,0.12682607769966125,0.26526254415512085,0.016519302502274513,0.001002200529910624,0.031657550914602095,194841.796875,0.0018295650370419025,6.332930297503481e-06,0.0025165314020499487,0.016134507954120636,0.0009819173719733953,0.03133556082110858,193805.578125,0.001316255540587008,3.1410409064847045e-06,0.0017722981990863458,0.016326259821653366,0.0009919573785737157,0.031495354872960485,194293.171875,0.002722596749663353,1.5901436199783348e-05,0.003987660492040834,0.015846963971853256,0.0009604169172234833,0.03099059401211089,194414.75,spatially_localized,ok,/home/cilab/ndquan/videoInpainting/code/BrushNet/examples/brushnet/dataset_test_stc/teacher_flows_512x512/test/Class_A/Traffic/000032_000033.npz,Traffic,0.7432624697685242,Traffic,0
0.7516822814941406,Traffic__000030-000037,Traffic__000030-000037,0.04515298083424568,0.1819395588877192,0.8180693984031677,0.9860649108886719,34,33,local_high_frequency_dominant,0.0006922794855199754,0.0008002802496775985,0.9263719444815941,0.9263719444815941,static,0.1282854527235031,0.34182676672935486,0.01651017740368843,0.0009699438232928514,0.03114392112905585,194536.1875,0.001616257126443088,5.972999133518897e-06,0.0024439719993320087,0.01615700125694275,0.0009455327526666224,0.03074951629971799,193720.859375,0.0010855854488909245,2.4448650037811603e-06,0.0015636064094845482,0.016366908326745033,0.0009627225808799267,0.0310277711233006,194353.4375,0.0025644900742918253,1.625199911359232e-05,0.0040313768260474385,0.015877598896622658,0.000926458218600601,0.030437776176991,194183.53125,spatially_localized,ok,/home/cilab/ndquan/videoInpainting/code/BrushNet/examples/brushnet/dataset_test_stc/teacher_flows_512x512/test/Class_A/Traffic/000033_000034.npz,Traffic,0.7420966625213623,Traffic,0
0.7521781921386719,Traffic__000030-000037,Traffic__000030-000037,0.046754855662584305,0.17457119239512295,0.8265899419784546,0.9835052490234375,35,34,local_high_frequency_dominant,0.0007258228142745793,0.0008341887150891125,0.9266529313356092,0.9266529313356092,static,0.12514281272888184,0.24856436252593994,0.016607685014605522,0.0010147434659302235,0.031855038313118124,193443.09375,0.0016054472653195262,6.239265985641396e-06,0.002497852274583386,0.016304120421409607,0.0009958689333871007,0.03155739110552551,192469.28125,0.0011035925708711147,2.885749154302175e-06,0.001698749291185187,0.01648523472249508,0.0010078521445393562,0.0317466871427454,193272.375,0.002523107687011361,1.63330932991812e-05,0.004041422187693486,0.016003116965293884,0.0009736784268170595,0.031203820708641746,193069.265625,spatially_localized,ok,/home/cilab/ndquan/videoInpainting/code/BrushNet/examples/brushnet/dataset_test_stc/teacher_flows_512x512/test/Class_A/Traffic/000034_000035.npz,Traffic,0.7379268407821655,Traffic,0
0.7540359497070312,Traffic__000030-000037,Traffic__000030-000037,0.07547347247600555,0.1847161213514512,0.8157183527946472,0.9829521179199219,36,35,local_high_frequency_dominant,0.001275557209737599,0.0014024535194039345,0.9219398760914141,0.9219398760914141,static,0.1170923039317131,0.2274794727563858,0.017316866666078568,0.0010471055284142494,0.032359010003617995,194700.390625,0.0019611434545367956,7.378772352240048e-06,0.0027163895803511045,0.016955405473709106,0.0010292736114934087,0.03208229436142946,193751.421875,0.0014867057325318456,3.902896878571482e-06,0.0019755750754075338,0.017128504812717438,0.0010385289788246155,0.03222621570747356,194339.015625,0.0028276920784264803,1.6371364836231805e-05,0.004046154326793752,0.016682107001543045,0.0010096983751282096,0.0317757513700024,194442.453125,spatially_localized,ok,/home/cilab/ndquan/videoInpainting/code/BrushNet/examples/brushnet/dataset_test_stc/teacher_flows_512x512/test/Class_A/Traffic/000035_000036.npz,Traffic,0.7427230477333069,Traffic,0
0.7488327026367188,Traffic__000030-000037,Traffic__000030-000037,0.10465750843286514,0.18648320769781115,0.8156694173812866,0.9821014404296875,37,36,local_high_frequency_dominant,0.0017848503775894642,0.001832405454479158,0.9119400934320594,0.9119400934320594,static,0.15643863379955292,0.35004499554634094,0.01635911874473095,0.0009253591415472329,0.030419716329171002,192735.75,0.002261396264657378,8.435544259555172e-06,0.00290440084347102,0.015970002859830856,0.0009046681225299835,0.03007770141699634,191835.15625,0.0018636812455952168,5.062782292952761e-06,0.002250062730892799,0.016143491491675377,0.0009152528364211321,0.03025314589296677,192438.203125,0.003008886706084013,1.7956648662220687e-05,0.004237528603115345,0.0156903974711895,0.0008847442222759128,0.02974465031355912,192389.28125,spatially_localized,ok,/home/cilab/ndquan/videoInpainting/code/BrushNet/examples/brushnet/dataset_test_stc/teacher_flows_512x512/test/Class_A/Traffic/000036_000037.npz,Traffic,0.7352285385131836,Traffic,0
0.7585563659667969,Traffic__000036-000043,Traffic__000030-000037,0.04430490359663963,0.16927618202272704,0.8315932750701904,0.9863395690917969,38,37,local_high_frequency_dominant,0.0006515171844512224,0.0008706242078915238,0.9266948637659476,0.9266948637659476,static,0.1214727908372879,0.3075738847255707,0.018347308039665222,0.0012416188837960362,0.0352366128309183,193613.75,0.002019666600972414,7.634147550561465e-06,0.0027629961184484977,0.017983973026275635,0.0012200152268633246,0.03492871636438025,192707.15625,0.0013681305572390556,3.1459071578865405e-06,0.0017736705325078106,0.018219588324427605,0.001235386123880744,0.03514806003011751,193473.359375,0.002956460928544402,1.8478231140761636e-05,0.004298631310168579,0.017699889838695526,0.001200051512569189,0.03464175966329062,193328.296875,spatially_localized,ok,/home/cilab/ndquan/videoInpainting/code/BrushNet/examples/brushnet/dataset_test_stc/teacher_flows_512x512/test/Class_A/Traffic/000037_000038.npz,Traffic,0.7385778427124023,Traffic,1
0.745025634765625,Traffic__000036-000043,Traffic__000036-000043,0.049791350960731506,0.17624918883841661,0.8242109417915344,0.9843406677246094,39,38,local_high_frequency_dominant,0.0008568353368900716,0.0009660900686867535,0.9220165475475192,0.9220165475475192,static,0.14303003251552582,0.27769652009010315,0.018104206770658493,0.0011904672719538212,0.03450314872520798,192446.8125,0.002037133788689971,8.316887942783069e-06,0.0028839015140574875,0.017688341438770294,0.001162608154118061,0.034097040254515654,191490.953125,0.0014860949013382196,3.6400952012627386e-06,0.0019079033521808013,0.017969496548175812,0.001183736720122397,0.03440547514745868,192218.71875,0.0030560921877622604,2.00540671357885e-05,0.004478176764687667,0.017414504662156105,0.001145138288848102,0.033839891974533576,192153.109375,spatially_localized,ok,/home/cilab/ndquan/videoInpainting/code/BrushNet/examples/brushnet/dataset_test_stc/teacher_flows_512x512/test/Class_A/Traffic/000038_000039.npz,Traffic,0.7341263294219971,Traffic,0
0.7497978210449219,Traffic__000036-000043,Traffic__000036-000043,0.049916110932826996,0.21128063117195256,0.7847797870635986,0.9862899780273438,40,39,local_high_frequency_dominant,0.00085892976494506,0.0009955866262316704,0.9282206202968261,0.9282206202968261,static,0.24080811440944672,0.3905510902404785,0.018617460504174232,0.0011106294114142656,0.03332610705459409,191280.140625,0.001985172973945737,6.522636340378085e-06,0.002553945250074497,0.01826603338122368,0.0010907524265348911,0.03302654124389793,190501.8125,0.001418113592080772,2.895468696806347e-06,0.0017016076800503536,0.01845618709921837,0.0011038822121918201,0.033224722906170644,190850.9375,0.0030054268427193165,1.731241172819864e-05,0.004160818636782747,0.01794509030878544,0.0010677006794139743,0.03267568942522826,190929.265625,spatially_localized,ok,/home/cilab/ndquan/videoInpainting/code/BrushNet/examples/brushnet/dataset_test_stc/teacher_flows_512x512/test/Class_A/Traffic/000039_000040.npz,Traffic,0.729675829410553,Traffic,0
0.7519187927246094,Traffic__000036-000043,Traffic__000036-000043,0.06581252068281174,0.1788257520709199,0.8170309066772461,0.9809150695800781,41,40,local_high_frequency_dominant,0.0009305463172495365,0.0011885976418852806,0.9102904023516504,0.9102904023516504,static,0.12894119322299957,0.31651514768600464,0.016782468184828758,0.001003433484584093,0.03167701824010734,192554.8125,0.002274388913065195,9.483174835622776e-06,0.0030794763898466205,0.01638387143611908,0.0009764182032085955,0.0312476911660461,191884.34375,0.0017563271103426814,4.881601398665225e-06,0.002209434633263728,0.016566164791584015,0.000990458531305194,0.03147155114234432,192092.921875,0.0030972284730523825,2.067014247586485e-05,0.004546442837633049,0.016075439751148224,0.0009541955660097301,0.030890056102405028,192168.46875,spatially_localized,ok,/home/cilab/ndquan/videoInpainting/code/BrushNet/examples/brushnet/dataset_test_stc/teacher_flows_512x512/test/Class_A/Traffic/000040_000041.npz,Traffic,0.7345383167266846,Traffic,0
0.7503166198730469,Traffic__000036-000043,Traffic__000036-000043,0.04207702726125717,0.19731338647893157,0.8028503656387329,0.9838409423828125,42,41,local_high_frequency_dominant,0.0007897231262177229,0.0008130900096148252,0.9187519441157251,0.9187519441157251,static,0.23465722799301147,0.2806205153465271,0.01805177517235279,0.0010953093878924847,0.033095458720079476,192964.640625,0.0019011915428563952,8.33578724268591e-06,0.002887176344230797,0.01769324019551277,0.0010659018298611045,0.03264815201295633,192065.25,0.0012658294290304184,2.9720640668529086e-06,0.0017239675364846372,0.017933443188667297,0.0010874993167817593,0.03297725453675244,192619.015625,0.002863082569092512,2.2601343516726047e-05,0.004754087032935561,0.01740163005888462,0.0010382540058344603,0.03222194913152307,192634.96875,spatially_localized,ok,/home/cilab/ndquan/videoInpainting/code/BrushNet/examples/brushnet/dataset_test_stc/teacher_flows_512x512/test/Class_A/Traffic/000041_000042.npz,Traffic,0.7361016869544983,Traffic,0
0.7544212341308594,Traffic__000036-000043,Traffic__000036-000043,0.044974878430366516,0.1968156004460234,0.8033028244972229,0.98516845703125,43,42,local_high_frequency_dominant,0.0007673125364817679,0.0008744635852053761,0.922661604139768,0.922661604139768,static,0.161551833152771,0.32720547914505005,0.0180985014885664,0.0011050733737647533,0.033242643904550576,192708.59375,0.0019406849751248956,7.549495421699248e-06,0.0027476345138499132,0.017679225653409958,0.001074515050277114,0.03277979637333207,191668.0,0.0013355286791920662,2.9931627523183124e-06,0.0017300759383097357,0.017934635281562805,0.001095252693630755,0.03309460218269371,192189.34375,0.0029369196854531765,2.0251844034646638e-05,0.004500204888074169,0.017348242923617363,0.0010521027725189924,0.03243613374801307,192237.671875,spatially_localized,ok,/home/cilab/ndquan/videoInpainting/code/BrushNet/examples/brushnet/dataset_test_stc/teacher_flows_512x512/test/Class_A/Traffic/000042_000043.npz,Traffic,0.735124945640564,Traffic,0
0.7498321533203125,Traffic__000042-000049,Traffic__000036-000043,0.05117827653884888,0.18560598214470658,0.8112003207206726,0.9811897277832031,44,43,local_high_frequency_dominant,0.0008208084036596119,0.0009503141045570374,0.912442978046001,0.912442978046001,static,0.15178902447223663,0.31931161880493164,0.0172731950879097,0.0010346334893256426,0.03216571916381853,192891.96875,0.002110556233674288,9.221009349857923e-06,0.0030366114914255862,0.01684706099331379,0.0010014008730649948,0.03164491859785699,191842.890625,0.0015897905686870217,4.062058906129096e-06,0.0020154550121818885,0.01709040440618992,0.0010242406278848648,0.032003759589849204,192282.390625,0.0030219380278140306,2.1906578695052303e-05,0.004680446420487292,0.016550062224268913,0.0009800539119169116,0.03130581274966219,192479.0625,spatially_localized,ok,/home/cilab/ndquan/videoInpainting/code/BrushNet/examples/brushnet/dataset_test_stc/teacher_flows_512x512/test/Class_A/Traffic/000043_000044.npz,Traffic,0.735824465751648,Traffic,1
0.7581253051757812,Traffic__000042-000049,Traffic__000042-000049,0.044996216893196106,0.19615830862446823,0.8042263388633728,0.9874610900878906,45,44,local_high_frequency_dominant,0.0008471771143376827,0.0009079471346922219,0.9281432110801644,0.9281432110801644,static,0.16767095029354095,0.299991250038147,0.0188311617821455,0.0012026074109598994,0.034678630465459555,193830.75,0.0017529777251183987,6.9382826950459275e-06,0.002634062014274897,0.01839619316160679,0.0011575676035135984,0.034023045182840383,192781.171875,0.001195488846860826,2.8680722152785165e-06,0.0016935383713629038,0.0186596866697073,0.0011840168153867126,0.034409545410927944,193221.125,0.00285148061811924,2.1526413547690026e-05,0.0046396566195883535,0.01806095987558365,0.0011306883534416556,0.03362570970911478,193439.859375,spatially_localized,ok,/home/cilab/ndquan/videoInpainting/code/BrushNet/examples/brushnet/dataset_test_stc/teacher_flows_512x512/test/Class_A/Traffic/000044_000045.npz,Traffic,0.739405632019043,Traffic,0
0.7544708251953125,Traffic__000042-000049,Traffic__000042-000049,0.02823961153626442,0.1539765554553652,0.8470032811164856,0.9832305908203125,46,45,local_high_frequency_dominant,0.00048133652308024466,0.0005416966741904616,0.9324777453505045,0.9324777453505045,static,0.1346665620803833,0.30504390597343445,0.017936693504452705,0.0012884392635896802,0.035894836168865296,193932.140625,0.0016737912083044648,6.629099971178221e-06,0.0025747038608698713,0.01758546754717827,0.0012642636429518461,0.03555648524463359,193035.796875,0.0010374399134889245,2.3638938273506938e-06,0.001537495960108739,0.017814377322793007,0.0012813631910830736,0.035796133744904264,193375.609375,0.0027186181396245956,1.8545064449426718e-05,0.004306398083018651,0.017234085127711296,0.0012376822996884584,0.03518070919820205,193461.671875,spatially_localized,ok,/home/cilab/ndquan/videoInpainting/code/BrushNet/examples/brushnet/dataset_test_stc/teacher_flows_512x512/test/Class_A/Traffic/000045_000046.npz,Traffic,0.7397924065589905,Traffic,0
0.7479057312011719,Traffic__000042-000049,Traffic__000042-000049,0.020523032173514366,0.17178373908099448,0.8266496658325195,0.9862480163574219,47,46,local_high_frequency_dominant,0.0003468720242381096,0.0003735695208888501,0.9257670274985039,0.9257670274985039,static,0.14618808031082153,0.33974987268447876,0.017013462260365486,0.0010642039123922586,0.032622138378595886,193307.0625,0.0016424630302935839,6.654145181528293e-06,0.002579562982663593,0.01666005328297615,0.0010349085787311196,0.03216999500670026,192388.84375,0.000989503227174282,1.9031670035474235e-06,0.001379553189821771,0.01688884198665619,0.0010571284219622612,0.03251351137546145,192571.359375,0.0026755910366773605,2.0164194211247377e-05,0.004490455902383117,0.01632932387292385,0.0010070217540487647,0.031733606067523505,192821.890625,spatially_localized,ok,/home/cilab/ndquan/videoInpainting/code/BrushNet/examples/brushnet/dataset_test_stc/teacher_flows_512x512/test/Class_A/Traffic/000046_000047.npz,Traffic,0.737407922744751,Traffic,0
0.7495803833007812,Traffic__000042-000049,Traffic__000042-000049,0.02823418192565441,0.19614457332657306,0.8063256144523621,0.9870834350585938,48,47,local_high_frequency_dominant,0.0005329828127287328,0.0005374686443246901,0.9220205103089565,0.9220205103089565,static,0.1412074863910675,0.31855398416519165,0.017782611772418022,0.0010760703589767218,0.0328035113818128,193160.078125,0.0018883651355281472,7.478453426301712e-06,0.002734676109944597,0.017381086945533752,0.001045519602485001,0.03233449555018605,192175.84375,0.0012293895706534386,2.9413288302748697e-06,0.0017150302709500115,0.0175703726708889,0.001064254087395966,0.032622907402559416,192089.828125,0.002922064857557416,2.0292394765419886e-05,0.004504708066614294,0.016993261873722076,0.0010165764251723886,0.03188379565190425,192681.265625,spatially_localized,ok,/home/cilab/ndquan/videoInpainting/code/BrushNet/examples/brushnet/dataset_test_stc/teacher_flows_512x512/test/Class_A/Traffic/000047_000048.npz,Traffic,0.7368472218513489,Traffic,0
0.7489585876464844,Traffic__000042-000049,Traffic__000042-000049,0.02881464548408985,0.18399788532007857,0.8192551136016846,0.9858055114746094,49,48,local_high_frequency_dominant,0.00046030772500671446,0.0005312186549417675,0.9255708297833566,0.9255708297833566,static,0.1404089778661728,0.3189399242401123,0.017193403095006943,0.001053805579431355,0.03246237174686032,192788.421875,0.00178729766048491,6.667906745860819e-06,0.002582229026608759,0.01685446687042713,0.001031151507049799,0.03211154787689,191923.109375,0.0011740869376808405,2.4591022338427138e-06,0.0015681524906215956,0.016929564997553825,0.00103290646802634,0.03213886227025375,191539.265625,0.002711220644414425,1.7642221791902557e-05,0.0042002644907080024,0.016504378989338875,0.0010051117278635502,0.031703497092017315,192284.0625,spatially_localized,ok,/home/cilab/ndquan/videoInpainting/code/BrushNet/examples/brushnet/dataset_test_stc/teacher_flows_512x512/test/Class_A/Traffic/000048_000049.npz,Traffic,0.7354294657707214,Traffic,0
0.7492523193359375,Traffic__000048-000055,Traffic__000042-000049,0.07784838229417801,0.20584506017585066,0.7942584156990051,0.983306884765625,50,49,local_high_frequency_dominant,0.0013943631201982498,0.0014542018761858344,0.9123144119335794,0.9123144119335794,static,0.16417154669761658,0.3421974778175354,0.017436401918530464,0.0009945639176294208,0.03153670746335801,192306.59375,0.0021291812881827354,8.916156730265357e-06,0.002985993424350656,0.017000852152705193,0.0009651844738982618,0.031067418204579887,191310.90625,0.001637640525586903,4.248958248354029e-06,0.002061300135437348,0.017083048820495605,0.0009725315030664206,0.03118543735570211,190621.46875,0.003057256108149886,2.194707303715404e-05,0.0046847703291788,0.016651105135679245,0.0009415290551260114,0.030684345440729403,191882.1875,spatially_localized,ok,/home/cilab/ndquan/videoInpainting/code/BrushNet/examples/brushnet/dataset_test_stc/teacher_flows_512x512/test/Class_A/Traffic/000049_000050.npz,Traffic,0.7335914373397827,Traffic,1
0.7502784729003906,Traffic__000048-000055,Traffic__000048-000055,0.015495900996029377,0.21683352255134689,0.7858251333236694,0.9839057922363281,51,50,local_high_frequency_dominant,0.00021975842537358403,0.00027908029733225703,0.9183570890982534,0.9183570890982534,static,0.15703293681144714,0.3291289210319519,0.016779514029622078,0.0008910393808037043,0.029850282759191816,193533.84375,0.0018503641476854682,6.8365916376933455e-06,0.0026146876749801964,0.01641734689474106,0.0008650193922221661,0.029411212015525066,192521.734375,0.0011948596220463514,2.423418663966004e-06,0.0015567333310384293,0.016476040706038475,0.0008663828484714031,0.029434382080679104,191858.28125,0.0028579644858837128,1.8836137314792722e-05,0.004340061902184429,0.01607041247189045,0.0008410161244682968,0.029000278006741535,193014.46875,spatially_localized,ok,/home/cilab/ndquan/videoInpainting/code/BrushNet/examples/brushnet/dataset_test_stc/teacher_flows_512x512/test/Class_A/Traffic/000050_000051.npz,Traffic,0.738273024559021,Traffic,0
0.7496528625488281,Traffic__000048-000055,Traffic__000048-000055,0.03997281193733215,0.19886166662354798,0.8014928102493286,0.9876785278320312,52,51,local_high_frequency_dominant,0.0005912199267186224,0.0007802965701557696,0.92572413655905,0.92572413655905,static,0.20897671580314636,0.30336907505989075,0.018221212550997734,0.0011246672365814447,0.03353605875146101,193168.28125,0.00205525872297585,7.065811587381177e-06,0.002658159436034862,0.017794689163565636,0.001097563887014985,0.03312950176225089,191906.28125,0.0015367150772362947,3.438814928813372e-06,0.0018544041977986815,0.017887050285935402,0.001100928639061749,0.03318024471069719,191394.4375,0.003030591644346714,1.8289643776370212e-05,0.004276639308659337,0.01749745011329651,0.0010769676882773638,0.032817185867733446,192558.8125,spatially_localized,ok,/home/cilab/ndquan/videoInpainting/code/BrushNet/examples/brushnet/dataset_test_stc/teacher_flows_512x512/test/Class_A/Traffic/000051_000052.npz,Traffic,0.736878514289856,Traffic,0
0.7500724792480469,Traffic__000048-000055,Traffic__000048-000055,0.08536747097969055,0.20977803943440854,0.7957013249397278,0.9871292114257812,53,52,local_high_frequency_dominant,0.0015732157044112682,0.0016360202571377158,0.9123431911269227,0.9123431911269227,static,0.16971495747566223,0.2881372272968292,0.017832737416028976,0.0010551854502409697,0.03248361818272358,193470.625,0.0025056300219148397,9.452080121263862e-06,0.0030744235429205034,0.017306888476014137,0.0010239353869110346,0.03199899040455862,192059.78125,0.0019572675228118896,5.192603566683829e-06,0.0022787284977995575,0.017426922917366028,0.0010304274037480354,0.03210027108527334,191731.1875,0.0033304253593087196,2.0265615603420883e-05,0.004501734732680379,0.016996795311570168,0.0010025453520938754,0.03166299657476966,192796.28125,spatially_localized,ok,/home/cilab/ndquan/videoInpainting/code/BrushNet/examples/brushnet/dataset_test_stc/teacher_flows_512x512/test/Class_A/Traffic/000052_000053.npz,Traffic,0.7380318641662598,Traffic,0
0.7532958984375,Traffic__000048-000055,Traffic__000048-000055,0.016069388017058372,0.20648591778108996,0.7976188659667969,0.9843940734863281,54,53,local_high_frequency_dominant,0.00025890988763421774,0.00031021356699056923,0.9301883532027324,0.9301883532027324,static,0.15130744874477386,0.29251497983932495,0.018020635470747948,0.0010695764794945717,0.03270438012704983,193686.125,0.0016949218697845936,5.905648322368506e-06,0.0024301539709179966,0.01766078546643257,0.0010484642116352916,0.032379997091341615,192408.65625,0.0010498741175979376,1.8712083829086623e-06,0.0013679211903134853,0.017799368128180504,0.0010557683417573571,0.03249258902822853,192117.90625,0.002791316481307149,1.727661583572626e-05,0.004156514866534975,0.01734301820397377,0.001026966143399477,0.0320463124774049,193076.546875,spatially_localized,ok,/home/cilab/ndquan/videoInpainting/code/BrushNet/examples/brushnet/dataset_test_stc/teacher_flows_512x512/test/Class_A/Traffic/000053_000054.npz,Traffic,0.738853931427002,Traffic,0
0.7490921020507812,Traffic__000048-000055,Traffic__000048-000055,0.021837161853909492,0.18026180169037312,0.8232268691062927,0.98974609375,55,54,local_high_frequency_dominant,0.00032763261697255075,0.00040550052653998137,0.9232100502051124,0.9232100502051124,static,0.14558009803295135,0.28602135181427,0.017322562634944916,0.0010931016877293587,0.033062088375197335,193934.546875,0.001821027835831046,7.323885256482754e-06,0.002706267772501966,0.01686766929924488,0.0010586046846583486,0.032536205750799345,192728.3125,0.0011475327191874385,2.4884241156541975e-06,0.0015774739667120334,0.017068786546587944,0.0010771022643893957,0.03281923619448502,192443.609375,0.002840887289494276,2.019589373958297e-05,0.004493984172155368,0.016570962965488434,0.0010419136378914118,0.03227868705340122,193383.703125,spatially_localized,ok,/home/cilab/ndquan/videoInpainting/code/BrushNet/examples/brushnet/dataset_test_stc/teacher_flows_512x512/test/Class_A/Traffic/000054_000055.npz,Traffic,0.7398015856742859,Traffic,0
0.751556396484375,Traffic__000052-000059,Traffic__000048-000055,0.06166207045316696,0.2162653433238145,0.7821425795555115,0.9907951354980469,56,55,local_high_frequency_dominant,0.0010487347608432174,0.001180663239210844,0.9108711195095509,0.9108711195095509,static,0.13421879708766937,0.3052801787853241,0.01783151365816593,0.0010056823957711458,0.03171249589311989,193504.15625,0.0021992563270032406,9.337491064798087e-06,0.0030557308560797834,0.017356952652335167,0.0009752302430570126,0.0312286766139235,192508.375,0.0016370838275179267,4.353312760940753e-06,0.002086459383966233,0.017521196976304054,0.0009830252965912223,0.0313532342285644,192188.703125,0.0031833425164222717,2.2724716473021545e-05,0.0047670448364811446,0.01702706143260002,0.0009530159877613187,0.0308709570269747,192995.375,spatially_localized,ok,/home/cilab/ndquan/videoInpainting/code/BrushNet/examples/brushnet/dataset_test_stc/teacher_flows_512x512/test/Class_A/Traffic/000055_000056.npz,Traffic,0.7381597757339478,Traffic,1
0.7496414184570312,Traffic__000052-000059,Traffic__000052-000059,0.06042810529470444,0.21587331082824904,0.7884079813957214,0.9904823303222656,57,56,local_high_frequency_dominant,0.0010541033698245883,0.001158649567514658,0.9223261120480514,0.9223261120480514,static,0.2222893238067627,0.3641379475593567,0.01784944161772728,0.0010216629598289728,0.0319634628885697,193505.90625,0.0018816004740074277,7.018024007265922e-06,0.0026491553384552446,0.01740179769694805,0.000989540945738554,0.03145696974819021,192145.125,0.0013817425351589918,3.428871195865213e-06,0.0018517211441967207,0.017585163936018944,0.0010056167375296354,0.03171146066534362,192172.40625,0.0028302082791924477,1.7732480046106502e-05,0.004210995137269397,0.017138667404651642,0.000974863360170275,0.031222801926961568,192959.5,spatially_localized,ok,/home/cilab/ndquan/videoInpainting/code/BrushNet/examples/brushnet/dataset_test_stc/teacher_flows_512x512/test/Class_A/Traffic/000056_000057.npz,Traffic,0.7381664514541626,Traffic,0
0.7462615966796875,Traffic__000052-000059,Traffic__000052-000059,0.03141002357006073,0.18213275265469103,0.81824791431427,0.9874725341796875,58,57,local_high_frequency_dominant,0.00046046366333030164,0.000560993270482868,0.9329415182486996,0.9329415182486996,static,0.12931744754314423,0.2920571267604828,0.016598135232925415,0.0009893440874293447,0.03145384058313618,193205.109375,0.0015840150881558657,4.950334641762311e-06,0.002224934750001067,0.016184553503990173,0.0009581554331816733,0.03095408588832294,191770.125,0.001001190161332488,1.6640673266010708e-06,0.0012899873358297247,0.016398897394537926,0.0009726955904625356,0.03118806807839395,191870.796875,0.002675004303455353,1.6871570551302284e-05,0.004107501740876355,0.015890300273895264,0.0009427630575373769,0.030704446869099872,192661.65625,spatially_localized,ok,/home/cilab/ndquan/videoInpainting/code/BrushNet/examples/brushnet/dataset_test_stc/teacher_flows_512x512/test/Class_A/Traffic/000057_000058.npz,Traffic,0.7370190024375916,Traffic,0
0.7518539428710938,Traffic__000052-000059,Traffic__000052-000059,0.0834866389632225,0.20975727316068798,0.7906148433685303,0.9822731018066406,59,58,local_high_frequency_dominant,0.0015472195809707046,0.0016219144454225898,0.9044585399412473,0.9044585399412473,static,0.11234962940216064,0.2178288698196411,0.018078848719596863,0.0010677502723410726,0.03267644828222725,190777.1875,0.0023851473815739155,1.1452396392996889e-05,0.003384138944103343,0.01755675859749317,0.0010263369185850024,0.03203649354384781,189278.9375,0.0018209959380328655,5.019733180233743e-06,0.00224047610570471,0.01783977635204792,0.0010483021615073085,0.032377494676199214,189570.46875,0.003423213493078947,2.841208151949104e-05,0.005330298445630511,0.01719375140964985,0.0010035980958491564,0.031679616409438366,190207.890625,spatially_localized,ok,/home/cilab/ndquan/videoInpainting/code/BrushNet/examples/brushnet/dataset_test_stc/teacher_flows_512x512/test/Class_A/Traffic/000058_000059.npz,Traffic,0.7277572154998779,Traffic,0
